INSERT INTO Proprietario(CodF, Nome, Residenza)
VALUES ('AAABBB01A01A123Z', 'Tizio', 'Savigliano')
INSERT INTO Proprietario(CodF, Nome, Residenza)
VALUES ('CCCDDD02B02B456Y', 'Caio', 'Fossano')
INSERT INTO Proprietario(CodF, Nome, Residenza)
VALUES ('EEEFFF03C03C789X', 'Sempronio', 'Genola')

INSERT INTO Assicurazione(Nome, Sede)
VALUES ('SARA', 'Torino')
INSERT INTO Assicurazione(Nome, Sede)
VALUES ('Alianz', 'Roma')
INSERT INTO Assicurazione(Nome, Sede)
VALUES ('Agos', 'Milano')

INSERT INTO Sinistro(Localita, DataA)
VALUES ('A8', '2002-01-20')
INSERT INTO Sinistro(Localita, DataA)
VALUES ('A44', '2000-01-01')
INSERT INTO Sinistro(Localita, DataA)
VALUES ('Aurelia', '2003-02-03')
INSERT INTO Sinistro(Localita, DataA)
VALUES ('A8', '2001-01-20')
INSERT INTO Sinistro(Localita, DataA)
VALUES ('Milano', '2002-01-20')

INSERT INTO Auto(Targa, Marca, Cilindrata, Potenza, CodF, CodAss)
VALUES ('AA111AA', 'Citroen', '2100', '80', 'AAABBB01A01A123Z', 1)
INSERT INTO Auto(Targa, Marca, Cilindrata, Potenza, CodF, CodAss)
VALUES ('BB222BB', 'Wolkswagen', '1300', '150', 'CCCDDD02B02B456Y', 2)
INSERT INTO Auto(Targa, Marca, Cilindrata, Potenza, CodF, CodAss)
VALUES ('CC333CC', 'Fiat', '2500', '200', 'AAABBB01A01A123Z', 1)
INSERT INTO Auto(Targa, Marca, Cilindrata, Potenza, CodF, CodAss)
VALUES ('DD444DD', 'Kia', '1600', '120', 'CCCDDD02B02B456Y', 3)

INSERT INTO AutoCounvolta(CodS, Targa, CostoDanno)
VALUES (1, 'AA111AA', 500.35)
INSERT INTO AutoCounvolta(CodS, Targa, CostoDanno)
VALUES (1, 'BB222BB', 1500.00)
INSERT INTO AutoCounvolta(CodS, Targa, CostoDanno)
VALUES (1, 'CC333CC', 999.99)
INSERT INTO AutoCounvolta(CodS, Targa, CostoDanno)
VALUES (2, 'DD444DD', 700.93)
INSERT INTO AutoCounvolta(CodS, Targa, CostoDanno)
VALUES (3, 'AA111AA', 678.90)
INSERT INTO AutoCounvolta(CodS, Targa, CostoDanno)
VALUES (4, 'BB222BB', 111.11)
INSERT INTO AutoCounvolta(CodS, Targa, CostoDanno)
VALUES (4, 'DD444DD', 359.99)
INSERT INTO AutoCounvolta(CodS, Targa, CostoDanno)
VALUES (5, 'CC333CC', 123.45)